{"cameraMode":{"drawMode":0,"name":"Shaded","section":"Shading Mode"},"sceneLighting":true,"audioPlay":false,"sceneViewState":{"m_AlwaysRefresh":false,"showFog":true,"showSkybox":true,"showFlares":true,"showImageEffects":true,"showParticleSystems":true,"showVisualEffectGraphs":true,"m_FxEnabled":true},"in2DMode":false,"pivot":{"x":1.6957606077194214,"y":4.598847389221191,"z":1.8936030864715577},"rotation":{"x":0.14250633120536805,"y":-0.2738706171512604,"z":0.041024982929229739,"w":0.9505107998847961},"size":1.9141442775726319,"orthographic":false}