{"cameraMode":{"drawMode":0,"name":"Shaded","section":"Shading Mode"},"sceneLighting":true,"audioPlay":false,"sceneViewState":{"m_AlwaysRefresh":false,"showFog":true,"showSkybox":true,"showFlares":true,"showImageEffects":true,"showParticleSystems":true,"showVisualEffectGraphs":true,"m_FxEnabled":true},"in2DMode":false,"pivot":{"x":92.4920425415039,"y":30.038536071777345,"z":246.99000549316407},"rotation":{"x":0.1570630818605423,"y":-0.040027666836977008,"z":0.006328940391540527,"w":0.9869933128356934},"size":9.039292335510254,"orthographic":false}