{"cameraMode":{"drawMode":0,"name":"Shaded","section":"Shading Mode"},"sceneLighting":true,"audioPlay":false,"sceneViewState":{"showFog":true,"showMaterialUpdate":false,"showSkybox":true,"showFlares":true,"showImageEffects":true,"showParticleSystems":true},"in2DMode":false,"pivot":{"x":0.12529075145721436,"y":0.5375000238418579,"z":-3.56850004196167},"rotation":{"x":0.011666039936244488,"y":0.07205601781606674,"z":-0.0008431027526967228,"w":0.9973677396774292},"size":4.245007514953613,"orthographic":false}