{"cameraMode":{"drawMode":0,"name":"Shaded","section":"Shading Mode"},"sceneLighting":true,"audioPlay":false,"sceneViewState":{"showFog":true,"showMaterialUpdate":false,"showSkybox":false,"showFlares":true,"showImageEffects":true,"showParticleSystems":true},"in2DMode":false,"pivot":{"x":6.180000305175781,"y":1.957000732421875,"z":-9.246999740600586},"rotation":{"x":0.0015025819884613157,"y":-0.05710066482424736,"z":-0.00006061832027626224,"w":-0.9983850121498108},"size":18.186532974243165,"orthographic":false}