{"cameraMode":{"drawMode":0,"name":"Shaded","section":"Shading Mode"},"sceneLighting":false,"audioPlay":false,"sceneViewState":{"showFog":true,"showMaterialUpdate":false,"showSkybox":false,"showFlares":true,"showImageEffects":true,"showParticleSystems":true},"in2DMode":false,"pivot":{"x":0.761752724647522,"y":0.8360000848770142,"z":-9.926902770996094},"rotation":{"x":-0.09728690981864929,"y":-0.03423392400145531,"z":0.0033516630064696075,"w":-0.994672417640686},"size":1.0711629390716553,"orthographic":false}