{"cameraMode":{"drawMode":0,"name":"Shaded","section":"Shading Mode"},"sceneLighting":true,"audioPlay":false,"sceneViewState":{"showFog":true,"showMaterialUpdate":false,"showSkybox":true,"showFlares":true,"showImageEffects":true,"showParticleSystems":true},"in2DMode":false,"pivot":{"x":2.5549416542053224,"y":2.734952211380005,"z":-3.8906171321868898},"rotation":{"x":0.034751784056425098,"y":0.378571093082428,"z":-0.013276755809783936,"w":0.9249246716499329},"size":1.2665646076202393,"orthographic":false}