{"cameraMode":{"drawMode":0,"name":"Shaded","section":"Shading Mode"},"sceneLighting":false,"audioPlay":false,"sceneViewState":{"showFog":true,"showMaterialUpdate":false,"showSkybox":false,"showFlares":true,"showImageEffects":true,"showParticleSystems":true},"in2DMode":false,"pivot":{"x":-1.6204242706298829,"y":3.7292613983154299,"z":0.8751220703125},"rotation":{"x":-0.014315372332930565,"y":0.5566923022270203,"z":-0.01042901910841465,"w":-0.8306427597999573},"size":5.316059589385986,"orthographic":false}