{"cameraMode":{"drawMode":0,"name":"Shaded","section":"Shading Mode"},"sceneLighting":false,"audioPlay":false,"sceneViewState":{"m_AlwaysRefresh":false,"showFog":true,"showSkybox":false,"showFlares":true,"showImageEffects":true,"showParticleSystems":true,"showVisualEffectGraphs":true,"m_FxEnabled":true},"in2DMode":false,"pivot":{"x":0.25058144330978396,"y":1.0750000476837159,"z":-8.661999702453614},"rotation":{"x":0.1570630818605423,"y":-0.040027666836977008,"z":0.006328940391540527,"w":0.9869933128356934},"size":0.8660253882408142,"orthographic":false}