{"cameraMode":{"drawMode":0,"name":"Shaded","section":"Shading Mode"},"sceneLighting":false,"audioPlay":false,"sceneViewState":{"m_AlwaysRefresh":false,"showFog":true,"showSkybox":false,"showFlares":true,"showImageEffects":true,"showParticleSystems":true,"showVisualEffectGraphs":true,"m_FxEnabled":true},"in2DMode":false,"pivot":{"x":13.54899787902832,"y":5.654999732971191,"z":-0.09999999403953552},"rotation":{"x":0.1570630818605423,"y":-0.040027666836977008,"z":0.006328940391540527,"w":0.9869933128356934},"size":2.450523614883423,"orthographic":false}